Titulo;Objeto
LEY QUE DECLARA DE INTERÉS NACIONAL Y NECESIDAD PÚBLICA LA OPERATIVIDAD DE UNA PLANTA DE PRODUCCIÓN DE VACUNAS CONTRA LA COVID-19;Propone declarar de interés nacional y necesidad pública la creación y operación de una planta de producción de vacunas contra la covid-19 para inoculación de la población nacional.
LEY QUE MODIFICA EL ARTÍCULO 11 DE LA LEY 26486, LEY ORGÁNICA DEL JURADO NACIONAL DE ELECCIONES;Propone modificar el artículo 11 de la Ley Orgánica del Jurado Nacional de Elecciones, Ley 26486, para garantizar el funcionamiento del Pleno del Jurado Nacional de Elecciones ante la declinación irrevocable uno de sus miembros.
LEY QUE DECLARA DE INTERÉS NACIONAL Y NECESIDAD PÚBLICA LA CREACIÓN, IMPLEMENTACIÓN Y FUNCIONAMIENTO DE LA UNIVERSIDAD NACIONAL ASHANINKA DEL VRAEM. (UNA-VRAEM);Propone crear de la Universidad Nacional Ashaninka del VRAEM, (UNA-VRAEM), con personería jurídica de derecho público interno, con sede en el vale del VRAEM, departamento de Cusco.
LEY QUE DECLARA OFICIALES E INTANGIBLES LOS SÍMBOLOS Y EMBLEMAS DEL PERÚ;Propone establecer los símbolos y emblemas del Perú, la intangibilidad de forma y la estandarización sus denominaciones. En cumplimiento del mandato contenido en el Artículo 49 de la Constitución Política del Perú, son establecidos en la presente Ley, en concordancia con lo dispuesto por la Ley del 25 de febrero de 1825, Ley de creación del Escudo Nacional, y del Pabellón y Bandera Nacional, y por el Decreto Ley 11323, Disposiciones sobre los Símbolos de la Patria, Símbolos del Estado y Emblemas Nacionales.
LEY DE ACTUALIZACIÓN Y SIMPLIFICACIÓN DE PROCEDIMIENTOS PARA LA INDUSTRIA DE HIDROCARBUROS;Propone promover la reactivación sostenible de la exploración y explotación de hidrocarburos a nivel nacional, empleamdo medidas de simplificación administrativa, así como actualizar y mejorar el marco normativo, a fin de fomentar el desarrollo de las actividades de exploración y explotación de hidrocarburos de manera responsable con el medio ambiente, mediante la modificación de la Ley 26221, Ley Orgánica de Hidrocarburos.
LEY DE REFORMA CONSTITUCIONAL QUE RESTABLECE EL SISTEMA BICAMERAL EN LA ESTRUCTURA DEL CONGRESO DE LA REPÚBLICA;Propone modificar los artículos de la Constitución Política del Perú, referido a la estructura, funcionamiento y prerrogativas del Congreso de la República.
LEY QUE DETERMINA, COMO PENSIÓN MINIMA, LA EQUIVALENTE A UNA REMUNERACIÓN MINIMA VITAL PARA LOS PENSIONISTAS DEL SISTEMA NACIONAL DE PENCIONES;Propone determinar la pasión mínima, que corresponda a una Remuneración Mínima Vital (RMV), para todos los pensionistas pertenecientes al Sistema Nacional de Pensiones, que es administrada por la Oficina de Normalización Previsional (ONP).
LEY QUE CREA EL RÉGIMEN DE PENSIONES DE JUBILACIÓN REDUCIDAS PROPORCIONALES PARA AFILIADOS CON MENOS DE 20 AÑOS DE APORTACIONES A LA OFICINA DE NORMALIZACIÓN PREVISIONAL Y ESTABLECE MODIFICACIONES AL SISTEMA NACIONAL DE PENSIONES;Propone crear un régimen de pensiones de jubilación reducidas proporcionales para afiliados con menos de 20 años de aportaciones a la Oficina de Normalización Previsional, así como establecer modificaciones al Sistema Nacional de Pensiones (SNP).
LEY QUE CREA EL FONDO UNIVERSAL DE ALTO COSTO EN SALUD;Propone crear el Fondo Universal de Alto Costo en Salud (Fondo Salud) como mecanismo nacional para brindar cobertura a los tratamientos de enfermedades de alto costo, así como establecer las disposiciones necesarias para su funcionamiento.
LEY QUE RECONOCE AL DISTRITO DE VILCABAMBA COMO EL ÚLTIMO BASTIÓN DE LA RESISTENCIA INCA;Propone reconocer al distrito de Vilcabamba, provincia de La Convención, del departamento de Cusco, como último bastión de la resistencia inca,
LEY QUE LA COMISIÓN TÉCNICA INTERINSTITUCIONAL PERMANENTE DE GOBERNANZA DE DATOS E INTEROPERABILIDAD DEL SISTEMA DE JUSTICIA;Propone crear la Comisión Técnica Interinstitucional Permanente de Gobernanza de Datos e Interoperabilidad del Sistema de Justicia
LEY QUE ESTABLECE LA EXONERACIÓN DE IMPUESTOS A LAS MICROEMPRESAS DURANTE LOS TRES PRIMEROS AÑOS DE SU FUNCIONAMIENTO;Propone establecer la exoneración de impuestos a las microempresas durante los tres primeros años de su funcionamiento con la finalidad de impulsar su desarrollo y su formalización dentro del mercado.
LEY QUE MODIFICA LA LEY SOBRE EL DERECHO DE AUTOR-DECRETO LEGISLATIVO 822 Y CREA LA VENTANILLA ÚNICA DE COBRO DE DERECHO DE AUTOR (VUC);"Propone modificar la """"Ley sobre Derechos de Autoir"""" aprobado mediante el Decreto Legislativo 822 y crear la Ventanilla Única de Cobro de Derechos de Autor-VUC, como mecanismo para ordenar la percepción de los mismos."
LEY QUE ESTABLECE UN RÉGIMEN ESPECIAL PARA DEVOLUCIÓN DE APORTES PARA LOS AFILIADOS DEL SISTEMA NACIONAL DE PENSIONES DEL DECRETO LEY 19990 ADMINISTRADO POR LA OFICINA DE NORMALIZACIÓN PREVISIONAL (ONP) Y DICTA OTRAS MEDIDAS A FAVOR DE LOS ASEGURADOS DE REGÍMENES PREVISIONALES POR MOTIVO DEL COVID-19 EN LA ECONOMÍA PERUANA;Propone establecer un régimen especial facultativo para devolución de aportes para los afiliados del Sistema Nacional de Pensiones (SNP) del Decreto Ley 19990 y dicta otras medidas a favor de los asegurados de regímenes previsionales en el marco de la pandemia por la Covid-19.
LEY GENERAL DEL DETECTIVE PRIVADO DEL PERÚ;Propone regular la actividad de los Detectives Privados del Perú, estableciendo diversas disposiciones sobre su régimen,  organización, funcionamiento, renovación y otros caracteres y condiciones propios de su actividad.
LEY QUE MODIFICA EL DECRETO LEGISLATIVO 1411, DECRETO LEGISLATIVO QUE REGULA LA NATURALEZA JURÍDICA, FUNCIONES, ESTRUCTURA ORGÁNICA Y OTRAS ACTIVIDADES DE LAS SOCIEDADES DE BENEFICENCIA;Propone modificar el Decreto Legislativo 1411, Decreto Legislativo que regula la naturaleza jurídica, funciones, estructura orgánica y otras actividades de las Sociedades de Beneficencia respecto al funcionamiento de las mismas en relación a los alcances de los sistemas administrativos de control y contabilidad así como el ejercicio de control gubermantal respecto a las auditorías financieras que se les realicen en el marco de la auditoría a la cuenta general de república.
LEY QUE MODIFICA DIVERSAS NORMAS RELACIONADAS AL ARRENDAMIENTO FINANCIERO, Y DEROGA EL ARTÍCULO 34 DE LA LEY 30230 LEY QUE ESTABLECE MEDIDAS TRIBUTARIAS, SIMPLIFICACIÓN DE PROCEDIMIENTOS Y PERMISOS PARA LA PROMOCIÓN Y DINAMIZACIÓN DE LA INVERSIÓN DEL PAÍS;Propone modificar diversas normas relacionadas al arrendamiento financiero, y deroga el artículo 34 de la Ley 30230, Ley que establece medidas tributarias, simplificación de procedimientos y permisos para la promoción y dinamización de la inversión del país.
"LEY QUE REGULA EL DOBLE EMPLEO O CARGO PÚBLICO REMUNERADO DEL PERSONAL MÉDICO ESPECIALISTA Y ASISTENCIAL DE SALUD POR COVID-19 """"LEY DE DOBLE PERCEPCIÓN PARA EL PERSONAL DE SALUD""""";"Propone ley que regula el doble empleo o cargo público remunerado del personal médico especialista y asistencial de salud por Covid-19 """"Ley de doble percepción para el personal de Salud""""."
LEY QUE BENEFICIA CON EL BONO SOLIDARIO A  LOS APORTANT ES Y EX APORTANTES DE LA OFICINA DE NORMALIZACIÓN PREVISIONAL COMPRENDIDOS EN LA LEY 19990, EN EL MARCO DE LA EMERGENCIA NACIONAL A CAUSA DEL COVID-19;Propone beneficiar con el bono solidario a los aportantes y ex aportantes de la Oficina de Normalización Previsional comprendidos en la Ley 19990 afectados enormente por el aislamiento e inmovilkzación social obligatoria y la lenta reactivación económica en especial en esta segunda ola, en el marco de la emergencia nacional a causa del Covid 19.
LEY QUE INCORPORA LA CONDICIÓN DE DESAPARECIDA DE LA VÍCTIMA COMO AGRAVANTE EN LOS DELITOS DE FEMINICIDIO Y PROPONE LA APLICACIÓN DE LA CADENA PERPETUA PARA TODOS LOS DELITOS DE FEMINICIDIO AGRAVADO, ASÍ COMO PLANTEA LA INCOACIÓN DEL PROCESO INMEDIATO POR FEMINICIDIO EN FLAGRANCIA Y EN CASOS DE VIOLENCIA CONTRA LAS MUJERES Y LOS INTEGRANTES DEL GRUPO FAMILIAR EN FLAGRANCIA;Propone incorporar la condición de desaparecida de la víctima como agravante en los delitos de feminicidio, y proponer la aplicación de la cadena perpetua para todos los delitos de feminicidio agravado, así como plantear la incoación del proceso inmediato por feminicidio en flagrancia y en casos de violencia contra las mujeres y los integrantes del grupo familiar en flagrancia a fin de garantizar el acceso a la justicia con una debida simplificación procesal y efectiva.
LEY QUE DISPONE EL CUMPLIMIENTO OBLIGATORIO DE LOS EMPLEADORES CON EL PAGO DE APORTES PREVISIONALES PARA EL OTORGAMIENTO DE PENSIONES;Propone establecer el cumplimiento obligatorio de los empleadores, con el pago oportuno y total de los aportes por concepto de fondos previsionales de los trabajadores activos y pasivos descontados en las planillas que no fueron depositados oportunamente, a favor del Sistema Nacional de Pensiones, administrado por la Oficina de Normalización Previsional (ONP), y de las Administradoras de Fondos de Pensiones (AFP), bajo responsabilidad.
LEY DE PROTECCIÓN LABORAL DE LOS TRABAJADORES AGRARIOS;Propone que los empleados cumplan con el pago oportuno de aportes previsionales de los trabajadores agrarios al Sistema Nacional de Pensiones, administrado por la Oficina de Normalización Previsional (ONP) y al Sistema Privado de Administración de Fondos de Pensiones (AFP), y los aportes al Seguro Social
LEY DE REFORMA CONSTITUCIONAL QUE INCENTIVA LA COBERTURA DE SERVICIOS DE SALUD POR PERSONAL MÉDICO EN SITUACIÓN DE PANDEMIA;Propone modificar el artículo 40 de la Constitución Política del Perú, precisando una excepción para la prohibición a la percepción de doble remuneración  en el sector público, por parte de personal médico, explícitamente para etapa de pandemia y mientras dure ésta, por circunstancias que afecten la vida de la nación y/o por razones de déficit de cobertura de personal de salud.
LEY DEL SISTEMA NACIONAL DE CIENCIA, TECNOLOGÍA E INNOVACIÓN;Propone crar y regular las funciones y la organización y el funcionamiento del Sistema Nacional de Ciencia, Tecnología e Innovación-SNCTI, con la finalidad de impulsar, promover, fortalecer y consolidar las capacidades de ciencia, tecnología e innovación en todo el territorio nacional y contribuir al desarrollo sustentable y bienestar de la población.
LEY QUE PROMUEVE EL ACCESO A LA INFORMACIÓN RELEVANTE Y FORTALECE LA INTEROPERABILIDAD ENTRE ENTIDADES DE LA ADMINISTRACIÓN PÚBLICA RESPONSABLES DE LA IMPLEMENTACIÓN DE LA LEY 29988;Propone ley que promueve el acceso a la información relevante y fortalece la interoperabilidad entre entidades de la Administración Pública responsables de la implementación de la ley 29988
"LEY QUE DECLARA DE INTERÉS NACIONAL E INTERÉS PÚBLICO LA CONSTRUCCIÓN Y FUNCIONAMIENTO DEL SANTUARIO DE LA MEMORIA """"LA HOYADA"""" EN EL DISTRITO DE ANDRÉS AVELINO CÁCERES DORREGARAY, PROVINCIA DE HUAMANGA, DEPARTAMENTO DE AYACUCHO";"Propone declarar de interés nacional e interés público la construcción y funcionamiento de los servicios del Santuario de la Memoria """"La Hoyada"""" en el distrito de Andrés Avelino Cáceres Dorregaray, provincia de Huamanga, deparrtamento de Ayacucho."
LEY QUE DECLARA DE NECESIDAD PÚBLICA E INTERÉS NACIONAL LA CONSTRUCCIÓN, IMPLEMENTACIÓN Y FUNCIONAMIENTO DEL SERVICIO AEROPORTUARIO PICHARI-VRAEM, EN EL DISTRITO DE PICHARI, PROVINCIA DE LA CONVENCIÓN, DEPARTAMENTO DE CUSCO;Propone declarar de necesidad pública e interés nacional la construcción, implementación y funcionamiento del servicio aeroportuario Pichari-VRAEM, en el distrito de Pichari, provincia de La Convención, departamento de Cusco.
LEY QUE INCORPORA EL ARTÍCULO UNDÉCIMO, DUEDÉCIMO, DÉCIMO TERCERO DE LAS DISPOSICIONES FINALES, TRANSITORIAS Y COMPLEMENTARIAS DE LA LEY 28976, LEY MARCO DE LICENCIA DE FUNCIONAMIENTO Y REGULA LA ACTIVIDAD COMERCIAL EN LOS BIENES INM,UEBLES INTEGRANTES DEL PATRIMONIO CULTURAL DE LA NACIÓN QUE CUENTEN CON RESOLUCIÓN DE INHABITALIDAD;Propone incorporar el artículo undécimo, duocécimo, décimo tercero de las disposiciones finales, transitorias y complementarias de la Ley 28976, Ley Marco de Licencia de Funcionamiento.
LEY DE FORTALECIMIENTO DE LAS ORGANIZACIONES DE USUARIOS DE AGUA;Propone fortalecer, regular el reconocimiento y el funcionamiento de las Organizaciones de Usuarios de Agua previstas en la Ley 29338, Ley de Recursos Hídricos teniendo en consideración que el recurso hídrico es patrimonio de la Nación de conformidad con lo dispuesto en la Constitución Política del Perú.
LEY QUE MODIFICA EL ARTÍCULO 11 DE LA LEY 28976, LEY MARCO DE LICENCIA DE FUNCIONAMIENTO;Propone modificar el artículo 11 de la Ley Marco de Licencia de Funcionamiento, estableciendo la ampliación de los certificados de inspección técnica de seguridad de dos a cinco años.
LEY QUE DECLARA DE INTERÉS NACIONAL Y NECESIDAD PÚBLICA LA CREACIÓN, IMPLEMENTACIÓN Y FUNCIONAMIENTO DE LA UNIVERSADAD NACIONAL DE INGENIERÍA AGROPECUARIA DEL SUR - UNIAS;Proyecto de Ley que declara de interés nacional y necesidad pública la creación, implementación y funcionamiento de la Universidad Nacional de Ingeniería Agropecuaria del Sur- UNIAS
LEY QUE GARANTIZA EL FUNCIONAMIENTO DE LAS COMUNIDADES CAMPESINAS;Propone modificar el último párrafo del artículo 20 de la Ley 24656, Ley de Comunidades Campesinas, tiene por objeto establecer las medidas necesarias para garantizar el funcionamiento de los órganos de las comunidades campesinas  que les permita cumplir con la dirección, administración, gestión y control eficiente en las comunidadaes campesinas.
LEY QUE DECLARA DE INTERÉS NACIONAL Y NECESIDAD PÚBLICA LA CREACIÓN, IMPLEMENTACIÓN Y FUNCIONAMIENTO DE LA UNIVERSIDAD NACIONAL DE INGENIERÍA Y TECNOLOGÍA SOSTENIBLE DEL VRAEM-UNITECS;Propone declarar de interés nacional y necesidad pública la creación, implementación y funcionamiento de la Universidad Nacional de Ingeniería y Tecnología Sostenible del VRAEM (UNITECS), ubicado en el ámbito del Valle de los Ríos Apurímac, Ene y Mantaro.
LEY QUE MODIFICA LA LEY 30937 EN CUANTO A LA CREACIÓN DE LAS MUNICIPALIDADES DE CENTROS POBLADOS;Propone modificar la Única Disposición Complementaria Transitoria de la Ley 30937, precisando que la modificatoria contenida en la presente ley no aplica a las Municipalidades de Centros Poblados en funcionamiento y de aquellos cuyos expedientes se encuentran en trámite de creación, sólo se aplicará a las nuevas municipalidades de Centros Poblados que se crearán a la vigencia de la presente ley.
LEY QUE MODIFICA LA LEY 30435, LEY QUE CREA EL SISTEMA NACIONAL DE FOCALIZACIÓN (SINAFO), CREA EL COMITÉ VERIFICADOR Y ESTABLECE MECANISMOS DE VERIFICACIÓN DE LA INFORMACIÒN PARA LA CLASIFICACIÓN SOCIOECONÓMICA DE HOGARES QUE EFECTÚA EL SISFOH;Propone fortalecer el Sistema Nacional de Focalización (SINAFO) con la finalidad que el proceso de focalización cumpla con los principios de cierre de brechas, inclusión, eficacia, eficiencia y transparencia en beneficio de las poblaciones que se encuentren en situación de pobreza, vulnerabilidad y exclusión, así como fortalecer los mecanismos de control de la información para una mejor operatividad del Sistema de Focalización de Hogares (SISFOH), creando el Comité Verificador
LEY DE REFORMA CONSTITUCIONAL QUE HABILITA LA DOBLE PERCEPCIÓN DE INGRESOS DEL PERSONAL PÚBLICO DE MANERA EXCEPCIONAL DURANTE LA DECLARACIÓN DE UN ESTADO DE EXCEPCIÓN;Propone modificar el artículo 40 de la Constitución Política del Perú, que habilita la doble percepción de ingresos del personal público de manera excepcional durante la declaraciòn de un Estado de Excepción.
LEY QUE MODIFICA EL ARTÍCULO 56 DE LA LEY 30446 Y LOS ARTÍCULOS 1 Y 8 DE LA LEY 30777 QUE RIGEN EL FUNCIONAMIENTO DE LAS ZONAS ESPECIALES DE DESARROLLO-ZED;Propone modificar el primer párrafo del artículo 6 de la Ley 30446 y los artículos 1 y 8 de la Ley 30777 que rigen el funcionamiento de las Zonas Especiales de Desarrollo-ZED, con la finalidad de promover el desarrollo de actividades industriales, comerciales y de servicios, propiciando el encadenamiento económico-productivo en el ámbito de influncia de dichas zonas especiales de desarrollo.
LEY QUE ORDENA LA DEVOLUCIÓN TOTAL DE LOS APORTES AL FONDO DE PENSIONES A CARGO DE LA OFICINA DE NORMALIZACIÒN PREVISIONAL-ONP;Propone reconocer el derecho a todos sus afiliados a la devolución total de aporte de sus fondos pensionarios, siempre y cuando no hayan cumplido con los 20 años de aportación al Sistema Nacional de Pensiones (SNP), con aportes administrados por la Oficina de Normalización Previsional (ONP), con el objetivo de proteger y fortalecer su economía personal o familiar ante la emergencia sanitaria del Covid-19.
LEY QUE DEROGA EXIGENCIAS DE ADECUACIÓN PARA CENTROS POBLADOS EN FUNCIONAMIENTO;Ley que propone derogar la única disposición complementaria transitoria de la ley N° 30937.
LEY DE FORTALECIMIENTO DE LA INCLUSIÓN FINANCIERA A TRAVÉS DE LAS CAJAS MUNICIPALES DE AHORRO Y CRÉDITO;Propone fortalecer la inclusión financiera a través del desarrollo y funcionamiento de las Cajas Municipales de Ahorro y Crédito (CMAC), buscando la adecuación y uniformización de los dispositivos legales que son de aplicación para las CMAC, y que representen un obstáculo para su desarrollo, crecimiento financiero y para mejorar la competitividad en la prestación de sus servicios financieros.
LEY  QUE HABILITA A LOS EX APORTANTES DE LA LEY 30003 LEY QUE REGULA EL RÉGIMEN ESPECIAL DE SEGURIDAD SOCIAL PARA LOS TRABAJADORES Y PENSIONISTAS PESQUEROS, A SOLICITAR LA DEVOLUCIÓN DE SUS APORTES AL SISTEMA PÚBLICO DE PENSIONES;Propone el procedimiento que permita a los ex aportantes de la Ley 30003, Ley que regula el régimen especial de seguridad social para los trabajadores y pensionistas pesqueros, mayores de 55 años, administrados por la Oficina de Normalización Previsional (ONP), a la entrada en vigor de la presente ley.
LEY QUE RECONOCE EL DERECHO DE LOS AFILIADOS A LA DEVOLUCIÓN TOTAL DE SUS APORTES DEL FONDO DE PENSIONES A CARGO DE LA OFICINA DE NORMALIZACIÓN PREVISIONAL (ONP);Propone reconocer el derecho de las personas afiliadas al Sistema Nacional del Pensiones (SNP), estableciendo el mecanismo para solicitar la devolución del monto que aportaron al Fondo de sus pensiones administrado a cargo de la Oficina de Normalización Previsional (ONP).
LEY QUE CREA UN RÉGIMEN PREVISIONAL ESPECIAL DE PENSIONES PARA LOS AGRICULTORES;Propone crear un Régimen Previsional Especial de pensiones para los agricultores (REPA) al amparo de la Oficina de Normalización Previsional (ONP).
LEY QUE DECLARA DE INTERÉS NACIONAL Y NECESIDAD PÚBLICA LA CREACIÓN, IMPLEMENTACIÓN Y PUESTA EN FUNCIONAMIENTO DE LOS CENTROS DE PRIMER NIVEL DE ATENCIÓN DE SALUD;Propone declarar de interés nacional y necesidad pública la creación, implementación y puesta en funcionamiento de los centros de primer nivel de atención de salud en todo el territorio nacional.
LEY QUE ESTABLECE LA DEVOLUCIÓN DE LOS FONDOS DE PENSIONES ADMINISTRADOS POR LA OFICINA DE NORMALIZACIÓN PREVISIONAL-ONP;Propone establecer que los afiliados al Sistema Nacional de Pensiones (SNP) a cargo de la Oficina de Normalizaciòn Previsional (ONP) que tengan más de sesenta (60) años de edad con menos de veinte (20) años de aportes y que no hayan realizado aportaciones por más de seis (06) meses de manera consecutiva o alternada, puedan solicitar, por única vez y de manera excepcional, el retiro del cien por ciento (100%) de sus aportes realizados durante su actividad laboral, a efectos de fortalecer y proteger la economía familiar y/o personal ante la emergencia sanitaria originada por el COVID-19.
LEY DE ELIMINACIÓN DE LAS AFPS Y DE CREACIÓN DEL NUEVO SISTEMA PREVISIONAL UNIFICADO PARA EL OTORGAMIENTO DE PENSIONES UNIVERSALES DIGNAS;Propone declarar de interés nacional y necesidad pública la reforma integral del sistema nacional de pensiones y la creación del Sistema Unificado de Jubilación y Pensiones-SUJP, con la finalidad de establecer principios, lineamientos y modificacicones normativas necesarias para la unificación de los regímenes de pensiones públicos y privados, que permita una pensión universal, digna justa, equitativa y oportuna a favor de la población en edad de jubilación.
LEY QUE RECONOCE EL DERECHO DE LOS AFILIADOS A LA DEVOLUCIÓN TOTAL DE SUS APORTES DEL FONDO DE PENSIONES A CARGO DE LA OFICINA NORMALIZACIÓN PREVISIONAL ONP;Proyecto de Ley que reconoce el Derecho de los Afiliados a la Devolución Total de sus Aportes del Fondo de Pensiones a cargo de la Oficina de Normalización Previcional ONP
LEY QUE DISPONE LA DEVOLUCIÒN DEL 25% DE APORTES EFECTUADOPS POR LOS AFILIADOS AL SISTEMA NACIONAL DE PENSIONES Y OTRAS MEDIDAS;Propone devolver el 25% de aportes efectaudios por los afiliados al Sistema Naciconal de Pensiones a cargo de la Oficina de Normalización Provisional (ONP)
LEY QUE HABILITA A LOS APORTANTES A LA OFICINA DE NORMANALIZACIÓN PREVISIONAL A SOLICITAR EL 100% DE SUS APORTES AL SISTEMA PÚBLICO DE PENSIONES Y APRUEBA BONO EXTRAORDINARIO;Propone establecer un procedimiento especial que permita a los aportantes y a los exaportantes al Sistema Nacional de Pensiones, administrado por la Oficina de Normalización Previsional -ONP, solicitar el retiro del 100% de sus aportes acumulados desde el inicio de su experiencia laboral, siempre que no cuenten con 20 (veinte) años de aportación.
LEY DE REFORMA DE LA  CONSTITUCIÓN QUE HABILITA LA DOBLE PERCEPCIÓN DEL MÉDICO ESPECIALISTA EN EL ÁMBITO NACIONAL POR NECESIDAD PÚBLICA;Propone reforma constitucional, es la modificación del artículo 40 de la Constitución Política del Perú, habilitando la doble percepción del médico especialista en el ámbito nacional, por necesidad pública.
LEY QUE MODIFICA EL ARTÍCULO 17 DE LA LEY 30364, LEY PARA PREVENIR, SANCIONAR Y ERRADICAR LA VIOLENCIA CONTRA LAS MUJERES Y LOS INTEGRANTES DEL GRUPO FAMILIAR Y EL ARTÍCULO 446 DEL NUEVO CÓDIGO PROCESAL PENAL, APROBADO POR DECRETO LEGISLATIVO 957, PARA INCORPORAR EL PROCESO INMEDIATO POR LOS DELITOS DE VIOLENCIA CONTRA LA MUJER Y FEMINICIDIO EN LOS SUPUESTOS DE FLAGRANCIA;Propone ley que tiene por objeto promover la protección del derecho de las mujeres a una vida libre de violencia y garantizar su acceso a la justicia incorporando la simplificación procesal a través de la incoación del proceso inmediato para los delitos de violencia contra la mujer y los integrantes del grupo familiar, y el feminicidio en los supuestos de flagrancia,
LEY QUE ESTABLECE LA MORATORIA PARA LA CREACIÓN Y AUTORIZACIÓN DE NUEVAS UNIVERSIDADES PÚBLICAS Y PRIVADAS;Propone ley que establece la moratoria para la creación y autorización de funcionamiento de nuevas universidades públicas y privadas hasta el 26 de abril del 2021.
LEY QUE DECLARA DE NECESIDAD PÚBLICA E INTERÉS NACIONAL EL OTORGAMIENTO DE UNA BONIFICACIÓN EXTRAORDINARIA PARA LOS PENSIONISTAS DEL SISTEMA NACIONAL DE PENSIONES ANTE LA SITUACIÓN DE EMERGENCIA PRODUCIDA POR EL COVID-19;Propone aprobar una medida extraordinaria que permita disminuIr el impacto de la emergencia sanitaria y el Estado de Emergencia por el COVID-19 en la economía de las familias de los pensionistas del Sistema Nacional de Pensiones que administra la Oficina de Normalización Previsional, por su condición de adultos mayores y de alta vulnerabilidad ante la pandemia del COVID-19
LEY QUE MODIFICA EL ARTÍCULO 13 DE LA LEY ORGÁNICA DE MUNICIPALIDADES, EL CUAL INCORPORA LA REALIZACIÓN DE SESIÓN DE CONCEJO VIRTUAL EN CASOS DE DECLARATORIA DE EMERGENCIA NACIONAL Y/O AISLAMIENTO SOCIAL, SIENDO IMPOSIBLE ACUDIR DE FORMA PRESENCIAL;Propone incorporar la figura jurídica de la realización de sesiones de concejo de manera virtual, en los Gobiernos Locales a nivel nacional, a fin de garantizar el funcionamiento de las mismas, en circunstancias de declaratoria de emergencia nacional y/o aislamiento social, e impida la participación presencial de sus integrantes o pongan en riesgo la salud de los mismos.
LEY QUE MODIFICA LOS ARTÍCULOS 40° DE LA CONSTITUCIÓN POLÍTICA DEL PERÚ, EL 3° DE LA LEY N° 28175, LEY MARCO DEL EMPLEO PÚBLICO Y 38° DE LA LEY N° 30057,LEY DEL SERVICIO CIVIL;Propone establecer la doble percepción por el servicio médico, ante la aparición de pandemias como el Covid-19 y otras más que pudieran sobrevenir.
LEY QUE MODIFICA EL CÓDIGO PENAL SOBRE LA EJECUCIÓN DE LA PENA PARA DELITOS DE VIOLENCIA Y RESISTENCIA A LA AUTORIDAD;Propone establecer que la suspensión de la ejecución de la pena sea inaplicable a las personas condenadas por los delitos de violencia y resistencia a la autoridad, cuando se cause lesiones a efectivos policiales en ejercicio de sus funciones.
LEY DE LIBRE DESAFILIACIÓN DE LAS ADMINISTRADORAS DE FONDOS DE PENSIONES;Propone la desafiliación voluntaria de las Administradoras de Fondos de Pensiones (AFP), pudiendo afiliarse a la Oficina de Normalización Provisional (ONP).
RESOLUCIÓN LEGISLATIVA QUE PRECISA REGLAS DE FUNCIONAMIENTO DEL CONGRESO DE LA REPÚBLICA EN ESTADOS DE EXCEPCIÓN;Propone incorporar como Anexo al Reglamento del Congreso de la República, un Reglamento Especial de Funcionamiento del Congreso de la República en Estados de Excepción, a efectos de precisar el funcionamiento del parlamento en situaciones excepcionales como suceden en los casos de estados de emergencias y/o de sitio, precisados en artículo 137 de la Constitución del Estado, a efectos de asegurar el rol del parlamento en el cumplimiento de sus funciones en razón de la voluntad popular delegada para la representación de la nación.
LEY QUE ENDURECE PENAS A QUIENES AGREDAN A PERSONAL POLICIAL Y DE LAS FUERZAS ARMADAS EN EJERCICIO DE SUS FUNCIONES DURANTE ESTADOS DE EXCEPCIÓN;Propone modificar los artículos 367 y 368 del Código Penal, referente a los delitos de violencia y resistencia a la autoridad, a las agresiones de diversa  índole u obstaculización del ejercicio de las funciones contra el personal policial y de las fuerzas armadas, durante la decretación de Estado de Excepción (Estado de emergencia y/o de Sitio).
RESOLUCIÓN LEGISLATIVA QUE INCORPORA EL INCISO F) AL ARTÍCULO 27 Y ADICIONA LOS ARTÍCULOS 27-A Y 28-A AL REGLAMENTO DEL CONGRESO DE LA REPÚBLICA, A FIN DE QUE EN SITUACIONES EN QUE HAYA SIDO DECRETADO ESTADO DE EXCEPCIÓN, SEA POSIBLE SUSTITUIR LA PARTICIPACIÓN PRESENCIAL POR MEDIOS VIRTUALES, PARA PERMITIR EL FUNCIONAMIENTO DE LA ORGANIZACIÓN PARLAMENTARIA Y EL SERVICIO PARLAMENTARIO.;Propone incorporar el inciso f) al artículo 27 y adicionar los artículos 27-A y 28-A al Reglamento del Congreso de la República, para que en caso sea decretado el Estado de Excepción, se pueda sustituir la participación presencial por medios virtuales, para permitir el funcionamiento de la Organización Parlamentaria y el Servicio Parlamentari
LEY QUE MODIFICA LA LEY  N°  30937 SOBRE MUNICIPALIDADES DE CENTROS POBLADOS;Propone modificar la Única Disposición Complementaria Transitoria de la Ley 30937, precisando y diferenciando la adecuación a la que están obligadas las Municipalidades de Centros Poblados en funcionamiento y los expedientes en trámite de creación de nuevas Municipalidades de Centros Poblados.
LEY QUE MODIFICA LA LEY 27908, PARA EL FORTALECIMIENTO DE LAS RONDAS CAMPESINAS Y COMUNALES Y CREACIÓN DE LAS RONDAS URBANAS;Propone la modificación de la Ley 27908, Ley de Rondas Campesinas, con el objeto de fortalecer la organización, funcionamiento y atribuciones de las Rondas Campesinas y Comunales así como establecer la creación de las Rondas Urbanas, con el fin de propiciar la seguridad integral de la población.
LEY QUE MODIFICA LA LEY 28939 Y LA LEY 29148, A FIN DE DICTAR DISPOSICIONES REFERIDAS AL FONDO DE GARANTÍA PARA EL CAMPO Y DEL SEGURO AGRARIO;Propone modificar el literal b) del numeral 4.1 del artículo 4 de la Ley 28939, Ley que aprueba crédito suplementario y transferencia de partidas en el Presupuesto del Sector público para el año fiscal 2006, dispone la creación de fondos y dicta otras medidas, y el literal b) del artículo 2, artículo 3 e inciso d) del artículo 4 de la Ley 29148, Ley que establece la implementacion y el funcionamiento del Fondo de Garantia par el Campo y del Seguro Agropecuario.
LEY DE PROMOCIÓN DE LAS PLANTAS DESALINIZADORAS DEL AGUA DE MAR;Propone otorgar beneficios tributarios para la instalación, puesta en funcionamiento y mantenimiento de plantas desalinizadoras de agua de mar que produzcan agua potable para el consumo masivo de la población.
LEY QUE ESTABLECE LA MORATORIA DE CREACIÓN Y FUNCIONAMIENTO DE NUEVAS FACULTADES O ESCUELAS DE ODONTOLOGÍA;Propone ley que establece la moratoria de creación de nuevas escuelas y/o facultades públicas y privadas de formación profesional de pregrado de odontología o estomatología, por el plazo de 05 años.
LEY QUE MODIFICA LA LEY 24915 LEY QUE CREA EL COLEGIO DE LICENCIADOS EN TURISMO;Propone fortalecer la organización y las funciones del Colegio de Licenciados en Turismo incorporando una estructura orgánica que organice el funcionamiento del Colegio de Licenciados en turismo, otorgándoles personería jurídica a los consejos regionales, para que de manera autónoma y descentralizada representen a los profesionales en turismo.
LEY QUE PROMUEVE LA IMPLEMENTACIÓN DE OFICINAS DE GESTIÓN DE PROYECTOS COMO MEDIDA PREVENTIVA DE ACTOS DE CORRUPCIÓN EN A EJECUCIÓN DE OBRAS PÚBLICAS;Propone Ley que promueve la implementación y funcionamiento de Oficinas de Gestión de Proyectos o la designación de profesionales en gestión de proyectos, como medida preventiva de actos de corrupción y de alcance de mayor eficiencia por parte del Estado en la ejecución de obras públicas.
LEY DE EFICIENCIA ECONÓMICA POR SIMPLIFICACIÓN Y REDUCCIÓN DE COSTOS ADMINISTRATIVOS;Propone modificar los numerales 8.1 y 8.3 del artículo 8 del Decreto Legislativo 1256, Decreto Legislativo que aprueba la Ley de Prevención y Eliminación de Barreras Burocráticas.
LEY QUE MODIFICA EL ARTÍCULO 4 DE LA LEY 26549, LEY DE LOS CENTROS EDUCATIVOS PRIVADOS, EXCLUYENDO LA APLICACIÓN DEL SILENCIO ADMINISTRATIVO POSITIVO (SAP);Propone modificar el artículo 4 de la Ley 26549, Ley de los Centros Educativos Privados, a fin que las autorizaciones de funcionamiento de estos centros de estudios sean mediante, procedimientos de evaluación previa con Silencio Administrativo Negativo y no bajo el sustento del Silencio Administrativo Positivo (SAP).
LEY DEL TRANSPORTE PÚBLICO EN VEHÍCULOS MENORES EN EL MARCO DEL SISTEMA INTEGRADO DE TRANSPORTE;Propone normar el funcionamiento y promover el desarrollo económico y social del servicio de transporte público de pasajeros en vehículos menores, en el marco del Sistema Integrado de Transporte.
LEY QUE REGULA LA CONSTITUCIÓN DE LAS ALIANZAS ENTRE ORGANIZACIONES POLÍTICAS;"Propone modificar los artículos 5,13, 15 y 30-B de la Ley 28094, Ley de Organizaciones Políticas; los artículos 87 y 88 de la Ley 26859, Ley Orgánica de Elecciones; el artículo 11 de la Ley 27683 de la Ley de Elecciones Regionales y el artículo 9 de la Ley 26864, Ley de Elecciones Municipales, a fin de regular el funcionamiento de las alianzas en aras del fortalecimiento e institucionalidad de las organizaciones políticas."
LEY QUE AUTORIZA LA CREACIÓN DE LA ADMINISTRADORA DE FONDO DE PENSIONES DEL ESTADO;Propone declarar de necesidad pública e interés nacional la creación de la Administradora de Fondo de Pensiones del Estado, sobre la base de los recursos que administra la Oficina de Normalización Previsional (ONP), con la finalidad de incrementar la cobertura en materia de pensiones de los trabajadores y promover mayor competencia en el Sistema de las Administradoras de Fondo de Pensiones.
LEY QUE DECLARA DE NECESIDAD PÚBLICA E INTERÉS NACIONAL LA CREACIÓN DE LA CUENTA INDIVIDUAL DE AHORRO PREVISIONAL Y DE PRESTACIONES DE SALUD ANTE LA OFICINA DE NORMALIZACIÓN PREVISIONAL;Propone declarar de interés nacional la creación de la Cuenta Individual de Ahorro Previsional en la Oficina de Normalización Previsional, con el fin de dar contenido a lo prescrito en el artículo 10 y 11 de la Constitución Política del Perú que reconoce el derecho universal y progresivo de toda persona a la seguridad social y el libre acceso a prestaciones de salud y a pensiones.
"LEY QUE DECLARA DE NECESIDAD PÚBLICA LA EXPROPIACIÓN DE INMUEBLE PARA EL FUNCIONAMIENTO DEL """"INSTITUTO DE EDUCACIÓN SUPERIOR TECNOLÓGICO PÚBLICO PISCO""""";"Propone declarar de necesidad pública la expropiación del inmueble de dominio privado en el que se encuentra ubicado el """"Instituto Superior Tecnológico Público Pisco"""", de la provincia de Pisco, departamento de Ica, con la finalidad de continuar con su funcionamiento."
LEY QUE DISPONE EL TRASLADO DE LOS PENSIONISTAS PESQUEROS DE LA CAJA DE BENEFICIOS Y SEGURIDAD SOCIAL DEL PESCADOR, EN DISOLUCIÓN Y LIQUIDACIÓN, A LA OFICINA DE NORMALIZACIÓN PREVISIONAL;Propone el traslado de los pensionistas pesqueros que a la fecha perciben una pensión de jubilación, viudez, orfandad o invalidez de la Caja de Beneficios y Seguridad Social del Pescador, en disolución y liquidación (CBSSP) a la Oficina de Normalización Previsional (ONP).
LEY QUE ESTABLECE LINEAMIENTOS SOBRE SEGURIDAD SOCIAL;Propone mejorar y enseñar la seguridad vial en los usuarios de las vías, aprovechando los mecanismos que están en funcionamiento, para difundir y reforzar la capacidad de los mismos, para identificar, discernir y entender la problemática de la seguridad vial en el país, conocer de las normas de tránsito terrestre en las escuelas, así como formar sus habilidades de manera teórica y práctica con sentido de responsabilidad.
LEY QUE PREVIENE Y SANCIONA EL ACOSO POLÍTICO CONTRA LAS MUJERES;"Propone la Ley que previene y sanciona el acoso político contra las mujeres producido en el ámbito público, privado o mixto, incluyendo a todas las organizaciones y/o instituciones, cualquiera sea su forma jurídica, que operen en la vida pública del país, como los partidos políticos, sindicatos, organizaciones sociales, juveniles y estudiantiles, entre otras; en salvaguarda de los derechos políticos de las mujeres; en concordancia con los principios de igualdad y no discriminación, debida diligencia, intervención inmediata y oportuna, sencillez y oralidad, y razonabilidad y proporcionalidad; reconocidos por nuestra Constitución Política del Estado y los tratados internacionales en vigor."
LEY QUE ESTABLECE EL SISTEMA E INTEROPERATIVIAD ELECTRÓNICA EN EL SISTEMA DE ADMINISTRACIÓN DE JUSTICIA EN EL MARCO DE LA LEY N° 30364;Propone la norma que tiene por objeto crear en el sistema de interoperatividad en el sistema de administración de justicia en el marco de la Ley N° 30364, Ley para Prevenir, Sancionar y erradicar la Violencia contra las mujeres y los integrantes del grupo familiar.
LEY QUE REGULA Y SANCIONA COMO SITUACIÓN AGRAVANTE LA APOLOGÍA DE LOS DELITOS DE VIOLENCIA CONTRA LA MUJER;"Propone regular y sancionar como situación agravante la exaltación, justificación o enaltecimiento de los delitos de violencia contra la mujer, como feminicidio, lesiones graves y leves por violencia familiar, violación sexual y sus formas agravantes, acoso sexual, explotación sexual infantil y otros; en salvaguarda de la integridad física, psíquica, económica y/o patrimonial de las mujeres e integrantes del grupo familiar, haciendo especial énfasis de aquellas que se encuentran en situación de vulnerabilidad, por la edad o situación física como las niñas, adolescentes, personas adultas mayores y personas con discapacidad, en concordancia con los principios de dignidad humana, igualdad y no discriminación, del libre desarrollo de las personalidad, debida diligencia, de intervención inmediata y oportunidad, de sencillez y oralidad, y de razonabilidad y proporcionalidad reconocidos por nuestras leyes y Constitución Política del Estado."
LEY QUE DECLARA DE NECESIDAD PÚBLICA EL FUNCIONAMIENTO DE PLANTAS DESALIZADORAS EN LOS CENTROS POBLADOS A LOS QUE PERTENECEN LAS CALETAS DEL LITORAL;Propone declarar de necesidad pública el funcionamiento de plantas desalinizadoras en los Centros Poblados a los que pertenecen las caletas del litoral peruano, incluyendo los sectores que no cuentan con agua a nivel de superficie de manera próxima.
LEY QUE MODIFICA LA LEY 28864-LEY DE LA ZONA ECONÓMICA ESPECIAL DE PUNO-ZEEDEPUNO;Propone modificar la Ley 28864, Ley de la Zona Económica Especial de Puno-ZEEDEPUNO, incorporando una nueva redacción para efectivizar su funcionamiento e incorporar dentro de su finalidad la Zona Comercial, a fin de promover la estabilidad de las inversiones, fomentar el empleo, contribuir al desarrollo socioeconómico sostenible y promover la competitividad e innovación, del departamento de Puno, a través de la promoción de  la inversión y desarrollo tecnológico.
LEY QUE FACULTA A LA OFICINA DE NORMALIZACIÓN PREVISIONAL (ONP) A ALLANARSE EN LOS PROCESOS JUDICIALES EN MATERIA PREVISIONAL;Propone autorizar a la Oficina de Normalización Previsional (ONP), a realizar el allanamiento en los procesos judiciales, que en representación del Estado peruano mantenga con los pensionistas y jubilados del Decreto Ley 19990 y de la Ley 20530.
"LEY QUE CONFORMA COMISIÓN INTERINSTITUCIONAL PARA LA ELABORACIÓN DE PLANES, POLÍTICAS Y ESTRATEGIAS PARA EL FUNCIONAMIENTO Y MODERNIZACIÓN DEL AEROPUERTO """"TENIENTE FAP JAIME MONTREUIL MORALES""""DE CHIMBOTE";"Propone la conformación de una Comisión Interinstitucional para la elaboración de planes, políticas y estrategias para el funcionamiento y modernización del Aeropuerto """"Teniente FAP Jaime Montreuil Morales"""" de Chimbote."
LEY DE FORTALECIMIENTO DE LA INTEROPERABILIDAD DE LA ADMINISTRACIÓN PÚBLICA Y SU PRIORIZACIÓN EN EL SISTEMA DE JUSTICIA PENAL, EN LA VIOLENCIA CONTRA LAS MUJERES Y LOS INTEGRANTES DEL GRUPO FAMILIAR;Propone ley de fortalecimiento de la interoperabilidad de la administración pública y su priorización en el Sistema de Justicia Penal, en la violencia contra las mujeres y los integrantes del grupo familiar.
LEY QUE MODIFICA EL ARTÍCULO 4 DEL DECRETO SUPREMO 157-90-EF, QUE NORMA EL FUNCIONAMIENTO EN EL PAÍS DE LAS CAJAS MUNICIPALES DE AHORRO Y CRÉDITO, MODIFICADA POR LA LEY 30607, LEY QUE MODIFICA Y FORTALECE EL FUNCIONAMIENTO DE LAS CAJAS MUNICIPALES DE AHORRO Y CRÉDITO;Propone modificar el artículo 4 del Decreto Supremo 157-90-EF, que norma el funcionamiento en el país de las cajas municipales de ahorro y crédito, modificada por la Ley 30607, Ley que modifica y fortalece el funcionamiento de las cajas municipales de ahorro y crédito (CMAC), con la finalidad de dinamizar su funcionamiento y administración de las cajas municipales de Ahorro y Crédito, así como de las Municipalidades.
LEY QUE DECLARA DE PREFERENTE INTERÉS NACIONAL Y SOCIAL LA DETERMINACIÓN DE LA PENSIÓN MÍNIMA PARA LOS PENSIONISTAS DEL SISTEMA NACIONAL DE PENSIONES;Propone declarar de preferente interés nacional y social determinar una pensión mínima mensual, equivalente a una remuneración mínima vital, para los pensionistas pertenecientes al Sistema Nacional de Pensiones, que administra la Oficina de Normalización Previsional (ONP)
LEY QUE MODIFICA LA LEY 29230 LEY QUE IMPULSA LA INVERSIÓN PÚBLICA REGIONAL Y LOCAL CON PARTICIPACIÓN DEL SECTOR PRIVADO;Propone incorporar el artículo 5, modificando la Ley 29230, Ley que impulsa la inversión pública regional y local con partocipación del sector privado, con el objeeto de mejorar la operatividad del mecanismo de obras por impuesto
LEY QUE DECLARA DE NECESIDAD Y UTILIDAD PÚBLICA EL FUNCIONAMIENTO DEL INSTITUTO REGIONAL DE SALUD DEL NIÑO-LANBAYEQUE (IRSN.LAMBAYEQUE);Propone declarar de necesidad y utilidad pública el funcionamiento del Instituto Regional de Salud del Niño de Lambayeque (IRSN-Lambayeque), ubicado en el departamento de Lambayeque, en el marco de la descentralización de los servicios médicos especializado y de alta complejidad para pacientes pediátricos.
LEY DE FORTALECIMIENTO DE LA ZONA ECONÓMICA ESPECIAL DE PUNO-ZEEDEPUNO;Propone garantizar el funcionamiento de la ZEEDEPUNO, ampliando su comité de administración e incorporando la actividad del comercio.
LEY QUE FACULTA A LA OFICINA DE NORMALIZACIÓN PREVISIONAL A CONCILIAR DESISTIRSE, TRANSIGIR O ALLANARSE, EN LOS PROCESOS JUDICIALES EN MATERIA PREVISIONAL DEL DECRETO LEY 19990;Propone facultar a la Oficina de Normalización Previsional (ONP) a conciliar, desistirse, transigir o allanarse en los procesos judiciales en materia previsional del Decreto Ley 19990 y demás normas modificatorias y complementarias que se encuentren actualmente en trámite y los que se inicien en el futuro, sin necesidad de recabar autorización previa del Titular de la Entidad
CANON:L.27506/DISTRIBUCIÓN DEL...;Propone modificar el artículo 6 de la Ley 27506 y el artículo 9 de la Ley 28258, para que en la distribución del canon y de la regalía minera, se tenga en consideración a las universidades públicas con funcionamiento definitivo, población estudiantil e investigaciones realizadas..(Proyecto actualizado por acuerdo del Consejo Directivo de fecha 21.08.18. núm. anterior 2042/2012-CR)
LEY DEL SISTEMA NACIONAL DE ARCHIVOS;Propone regular la estructura, organización y funcionamiento del Sistema Nacional de Archivos, conforme con lo dispuesto en la Ley Orgánica del Poder Ejecutivo y la Política Nacional de Modernización de la Gestión Pública.
LEY QUE DECLARA DE NECESIDAD PÚBLICA Y PREFERENTE INTERÉS NACIONAL LA CONSTRUCCIÓN, EQUIPAMIENTO Y FUNCIONAMIENTO DE UN LABORATORIO CLÍNICO EN LA PROVINCIA DE TAMBOPATA, DEPARTAMENTO DE MADRE DE DIOS;Propone declarar de necesidad pública e interés nacional la construcción, equipamiento y funcionamiento de un Laboratorio Clínico en la provincia de Tambopata, departamento de Madre de Dios.
LEY QUE INCREMENTA LAS PENAS PARA LOS ENCUBRIDORES DE LOS DELITOS DE VIOLACIÓN SEXUAL, A TRAVÉS DE LA MODIFICACIÓN DE LOS ARTÍCULOS 404  Y 405 DEL CÓDIGO PENAL;Propone modificar los artículos 404 y 405 del Código Penal, a fin de elevar los extremos mínimo y máximo de pena privativa de libertad e imponer la pena de multa, para los delitos de encubrimiento personal y encubrimiento real, respecto a la comisión de los delitos tipificados en los artículos 170, 171, 172, 173, 173-A y 174, referidos a violación sexual, violación de persona en estado de inconsciencia o en la imposibilidad de resistir, violación de persona en incapacidad de resistencia, violación sexual de menor de edad, violación sexual de menor de edad seguida de muerte o lesión grave y violación de persona bajo autoridad o vigilancia, respectivamente.
LEY DE EVALUACIÓN, ACREDITACIÓN Y CERTIFICACIÓN DE LA CALIDAD EDUCATIVA;Propone reorganizar el Sistema Nacional de Evaluación, Acreditación y Certificación de la Calidad Educativa (SINEACE) a través de la creación del organismo técnico especializado denominado Consejo Nacional de Evaluación, Acreditación y Certificación de la Calidad Educativa (CONACED), el cual regula los procesos de autoevaluación, evaluación externa, acreditación, supervisión, fiscalización y monitoreo de las instituciones educativas, así como los procesos de certificación de competencias, con el fin de promover la mejora contínua de la calidad educativa. Asimismo, la Ley regula su ámbito, organización y funcionamiento.
LEY QUE MODIFICA EL QUÓRUM DEL PLENO DEL JURADO NACIONAL DE ELECCIONES;Propone modificar el artículo 24 de la la Ley Orgánica del Jurado Nacional de Elecciones, a efectos de modificar el quórum del Pleno del Jurado Nacional de Elecciones y optimizar el funcionamiento del Supremo Tribunal Electoral.
LEY QUE ESTABLECE DISPOSICIONES PARA LA IMPLEMENTACIÓN DE UN SISTEMA DE INTEROPERATIBILIDAD ELECTRÓNICA PARA LOS OPERADORES DE JUSTICIA EN CASOS DE VIOLENCIA CONTRA LA MUJER Y LOS INTEGRANTES DEL GRUPO FAMILIAR;Propone la implementación progresiva de un Sistema de Interoperabilidad Electrónica para los Operadores de Justicia en el marco de la Ley 30364, Ley para Prevenir, Sancionar y Erradicar la Violencia contra las Mujeres y los Integrantes del Grupo Familiar y su Reglamento, que permita a los operadores de justicia interoperar e intereactuar información, a través de medios electrónicos de manera rápida, oportuna y simple garantizando una mayor accesibilidad de las víctimas a plantear sus denuncias y al seguimiento de sus casos a través del Registro Único de Denuncias (RUD)
-LEY QUE REGULA EL FUNCIONAMIENTO Y ESTRUCTURA DE LAS SOCIEDADES DE BENEFICENCIA PÚBLICA;Propone establecer el marco normativo que regula constitución, la administración, el funcionamiento, la vigilancia y estructura de las Sociedades de Beneficencia Pública.
LEY QUE AUTORIZA EL CAMBIO DE ESPECIALIDAD FUNCIONAL Y CAMBIO DE CATEGORÍA EN LA LÍNEA DE CARRERA DEL PERSONAL DEL SERVICIO DE SANIDAD DE LA POLICÍA NACIONAL DEL PERÚ;La presente Ley tiene por objeto, por única vez y de manera excepcional, el cambio de especialidad funcional y cambio de categoría en la línea de carrera del personal del Servicio de Sanidad de la Policía Nacional del Perú (Sanidad PNP), con el objeto de respetar el principio de garantía y la especialidad adquirida, y así garantizar una óptima administración de los recursos humanos existentes y necesarios para la institución, garantizando con ello un adecuado funcionamiento de los servicios de salud a favor del personal del PNP, así como de los recursos humanos que por necesidad de servicio ha venido gozando la Dirección de Sanidad.
LEY QUE MODIFICA LOS ARTÍCULOS 65, 66 Y LA DÉCIMA SÉTIMA DISPOSICIÓN COMPLEMENTARIA FINAL DE LA LEY 30230, LEY QUE ESTABLECE MEDIDAS TRIBUTARIAS, SIMPLIFICACIÓN DE PROCEDIMIENTOS Y PERMISOS PARA LA PROMOCIÓN Y DINAMIZACIÓN DE LA INVERSIÓN EN EL PAÍS, E INCORPORA EL ARTÍCULO 65-A A LA CITADA LEY;Propone modificar los artículos 65, 66 y la Décima Sétima Disposición Complementaria Final de la Ley 30230, Ley que establece medidas tributarias, simplificación de procedimientos y permisos para la promoción y dinamización de la inversión en el País, e incorpora el artículo 65-A a la citada Ley.
LEY QUE AMPLÍA LA EDAD DE TÉRMINO DEL CARGO DE JUECES Y FISCALES SUPREMOS Y SUPERIORES CON LA FINALIDAD DE PROTEGER EL DERECHO CONSTITUCIONAL DE PERMANENCIA EN EL SERVICIO Y MEJORAR EL FUNCIONAMIENTO DEL SISTEMA DE ADMINISTRACIÓN DE JUSTICIA;Propone modificar el artículo 35 y 107 de la Ley 29277, Ley de la Carrera Judicial el artículo 34 y 108 de la Ley 30483, Ley de Carrera Fiscal y la Segunda Disposición Final de la Ley 27367, Ley que desactiva las Comisiones Ejecutivas del Poder Judicial y del Ministerio Público y establece el Consejo transitorio del Poder Judicial y el Consejo transitorio del Ministerio Público, ampliando la edad de término del cargo de jueces y fiscales supremos y superiores, con la finalidad de proteger el derecho constitucional de permanencia en el servicio y mejorar el funcionamiento del sistema de administración de justicia.
TRANSPORTE TERRESTRE L.27181/MODIFICA ART. 8 LEY GENERAL DE...;Propone modificar el artículo 8 de la Ley 27181, para regular el establecimiento de terminales terrestes y cumplan con reglas mínimas de funcionamiento. (Proyecto actualizado por acuerdo del Consejo Directivo de fecha 7 de marzo de 2018, núm. anterior 2393/2012-CR).
LEY QUE ESTABLECE MEDIDAS COMPLEMENTARIAS PARA PROTEGER LOS INMUEBLES DE PROPIEDAD DEL ESTADO;Propone establecer medidas tributarias, simplificación de procedimientos y permisos para la promoción y dinamización de la inversión en el país, así como el artículo 19-A de la Ley 29151, Ley General del Sistema Nacional de Bienes Estatales, con la finalidad de proteger los inmuebles de propiedad del Estado y de permitirle recuperar extrajudicialmente sus predios.
LEY QUE DECLARA DE NECESIDAD E INTERÉS PÚBLICO EL FUNCIONAMIENTO DE MÓDULOS MULTISECTORIALES DE ATENCIÓN A VÍCTIMAS DE VIOLENCIA FAMILIAR;Propone declarar de necesidad e interés público el funcionamiento de Módulos Multisectoriales de atención a Víctimas de Violencia Familiar, en todas las regiones del país.
LEY QUE MODIFICA EL CÓDIGO PENAL PARA SANCIONAR EL BLOQUEO DE VÍAS DE COMUNICACIÓN;Propone modificar los artículos 200 y 283 del Código Penal, referidos a los delitos de extorsión y de entorpecimiento al funcionamiento de servicios públicos.
LEY QUE DECLARA DE INTERÉS NACIONAL Y NECESIDAD PÚBLICA LA CONSTRUCCIÓN, EQUIPAMIENTO Y FUNCIONAMIENTO DE UN LABORATORIO DE CRIMINALÍSTICA DE LA POLICÍA NACIONAL DEL PERÚ EN LA REGIÓN DE MADRE DE DIOS;Propone declarar de interés nacional y necesidad pública la construcción y funcionamiento de un laboratorio de Criminalística de la Policía Nacional del Perú en la región de Madre de Dios.
LEY QUE FOMENTA LA AUTENTICIDAD DE LA ESCRITURA DE LA LENGUA QUECHUA;Propone modificar el artículo 21 e incorporase al Capítulo V Normalización lingüistica de la Ley 29735, Ley que regula el uso, preservación, desarrollo, recuperación, fomento y difusión de las lenguas originarias del Perú.
LEY QUE ESTABLECE DISPOSICIONES PARA EL FUNCIONAMIENTO DE LAS REDES INTEGRADAS DE SALUD;Propone establecer el marco normativo para la conformación y funcionamiento de las Redes Integradas de Salud a nivel nacional.
LEY QUE MODIFICA EL ARTÍCULO 4 DEL DECRETO LEGISLATIVO 1310, DECRETO LEGISLATIVO, QUE APRUEBA MEDIDAS ADICIONALES DE SIMPLIFICACIÓN ADMINISTRATIVA;Propone modificar el artículo 4 del Decreto Legislativo 1310, Decreto Legislativo que aprueba medidas adicionales de simplificación administrativa.
LEY QUE DECLARA DE INTERÉS NACIONAL Y NECESIDAD PÚBLICA LA CONSTRUCCIÓN E INSTALACION DE PLANTAS DESALINIZADORAS DEL AGUA DE MAR;Propone declarar de interés nacional y necesidad pública la construcción, instalación, puesta en funcionamiento y mantenimiento de plantas desalinizadoras de agua de mar que produzcan agua potable destinada al consumo masivo por una población, así como a la construcción, instalación, puesta en funcionamiento y mantenimiento de pantas de generación de energía que sustenten el funcionamiento de aquellas.
LEY QUE FORTALECE LA GESTIÓN DE LA OFICINA DE NORMALIZACIÓN PREVISIONAL PARA UN ACCESO JUSTO Y OPORTUNO DE LA PENSIÓN;Propone la Ley que fortalece la gestión de la Oficina de Normalización Previsional (ONP), en aspectos de la operación, administración y supervisión de sus procesos, para beneficio de los asegurados cuyos regímenes de prestación se encuentran a cargo de ella.
"LEY QUE DECLARA DE NECESIDAD PÚBLICA LA EXPROPIACIÓN DE LOS PREDIOS DONDE FUNCIONA EL RELLENO SANITARIO """"PORTILLO GRANDE""""";"Propone declarar de necesidad pública la expropiación de los predios identificados para el adecuado funcionamiento del Relleno Sanitario """"Portillo Grande"""", los cuales se ubican en la margen izquierda del río Lurín, al este de la Quebrada de Pucará entre las estribaciones de los Cerros Portillo Grande y Conejo, en el distrito de Lurín, provincia y departamento de Lima."
LEY QUE PROPONE MODIFICAR LA LEY 30220, LEY UNIVERSITARIA PARA DAR CONTINUIDAD AL FUNCIONAMIENTO DE CARRERAS PROFESIONALES;Propone crear un marco legal que permita el funcionamiento de las carreras profesionales sobre las que se crearon Universidades Públicas, autorizando a sus Comisiones Organizadoras a convocar a exámenes de admisión grarantizando la continuidad de la prestación de servicios educativos.
LEY QUE ESTABLECE LA MORATORIA DE CREACIÓN DE UNIVERSIDADES PÚBLIAS Y PRIVADAS POR UN PERÍODO DE DOS AÑOS;Propone establecer la moratoria de dos (2) años para la creación y autorización de funcionamiento de nuevas universidades públicas y privadas
LEY QUE ESTABLECE LA MORATORIA PARA LA CREACIÓN DE UNIVERSIDADES PÚBLICAS Y PRIVADAS;Propone establecer la moratoria de dos (2) años para la creación y autorización de funcionamiento de nuevas universidades públicas y privadas.
LEY DE RECONOCIMIENTO Y FUNCIONAMIENTO DE LOS COMITÉS DE AUTODEFENSA;Propone Ley de reconocimiento y funcionamiento de los Comités de Autodefensa.
FACULTADES:EJECUTIVO/LEGISLAR EN MATERIA DE LUCHA CONTRA LA CORRUPCIÓN, GESTIÓN ECONÓMICA, TRIBUTARIA Y FINANCIERA, GESTIÓN DEL RIESGO DE DESASTRES, ADOPCIÓN DE ESTÁNDARES, RECOMENDACIONES Y MEJORES PRÁCTICAS INTERNACIONALES PARA FACILITAR LA ADHESIÓN DEL PERÚ A LA OCDE, Y OPTIMIZACIÓN DE PROCEDIMIENTOS ADMINISTRATIVOS Y FUNCIONAMIENTO DEL ESTADO;Propone delegar al Poder Ejecutivo la facultad de legislar, por el plazo de ciento veinte (120) días calendario, en materia de lucha contra la corrupción, gestión económica, tributaria y financiera, gestión del riesgo de desastres, adopción de estándares, recomendaciones y mejores prácticas internacionales para facilitar la adhesión del Perú a la Organización para la Cooperación y el Desarrollo Económico (OCDE) y optimización de procedimientos administrativos y funcionamiento del Estado, en los términos a que hace referencia el artículo 104 de la Constitución Política del Perú y el artículo 90 del Reglamento del Congreso de la República.
LEY QUE DECLARA DE NECESIDAD PÚBLICA E INTERÉS NACIONAL AUTORIZAR AL MINISTERIO DE AGRICULTURA, QUE DISPONGA EL PRESUPUESTO PARA EL FINANCIAMIENTO DE LA ELECTRIFICACIÓN Y PUESTA EN FUNCIONAMIENTO DE LAS BOMBAS DE LOS POZOS DE AGUA PARA RIEGO AGRÍCOLA EN LOS DISTRITOSE DE LA MATANZA, SAN JUAN DE BIGOTE, SALITRAL, BUENOS AIRES, SANTO DOMINGO, MORROPÓN Y CHULUCANAS;Propone declarar de necesidad pública e interés nacional autorizar al Ministerio de Agricultura, que disponga el presupuesto para el financiamiento de la electrificación y puesta en funcionamiento de las bombas de los pozos de agua para riego agrícola en los distritos de la Matanza, San Juan de Bigote, Salitral, Buenos Aires, Santo Domingo, Morropón y Chulucanas.
LEY QUE DECLARA DE INTERÉS NACIONAL Y NECESIDAD PÚBLICA EL FOMENTO Y PROMOCION DEL USO DE VEHÍCULOS HÍBRIDO-ELÉCTRICOS Y DE LOS EQUIPOS SURTIDORES NECESARIOS PARA SU FUNCIONAMIENTO;Propone declarar de necesidad pública e interés nacional el fomento y promción del uso de vehículos híbrido-eléctricos autónomos en el país.
LEY QUE ESTABLECE LA BOLSA DE TRABAJO JUVENIL CON FONDOS DEL CANON;Propone destinar un porcentaje del canon a las universidades nacionales, institutos y escuelas de educación superior pública para el funcionamiento de una Bolsa de Trabajo Juvenil que promueva el acceso al empleo de los estudiantes de dichos centros superiores de estudio.
"DÍA NACIONAL DEL SANTO PERUANO """"SAN MARTÍN DE PORRES""""/DECLARA EL 03 DE NOVIEMBRE COMO....";Propone declarar de interés nacional que el Ministerio de Cultura viabilice el reconocimiento del Santo Peruano San Martín de Porres como símbolo de la peruanidad e identidad nacional, por ser portador de unificación de todas las razas.
LEY QUE DECLARA DE INTERÉS NACIONAL Y NECESIDAD PÚBLICA LA CONSTRUCCIÓN, EQUIPAMIENTO Y FUNCIONAMIENTO DE UN ESTABLECIMIENTO DE SALUD DE PRIMER NIVEL CATEGORÍA I-1, EN EL CENTRO POBLADO DE VILLA DE BETANZOS, UBICADO EN EL DISTRITO DE ARAPA, PROVINCIA DE AZÁNGARO DEL DEPARTAMENTO DE PUNO;Propone declarar de interés nacional y necesidad pública la construcción, equipamiento y funcionamiento de un establecimiento de salud de primer nivel categoría I-1 en el Centro Poblado de Villa de Betanzos, ubicado en el distrito de Arapa, provincia de Azángaro del departamento de Puno.
LEY QUE MODIFICA EL PRIMER PÁRRAFO DEL ARTÍCULO 2 DEL DECRETO LEGISLATIVO 1283, DECRETO LEGISLATIVO QUE ESTABLECE MEDIDAS DE SIMPLIFICACIÓN ADMINISTRATIVA EN LOS TRÁMITES PREVISTOS EN LA LEY 29763, LEY FORESTAL Y DE FAUNA SILVESTRE, Y MODIFICA  ARTÍCULOS DE ESTA LEY, Y DEROGA LA LEY 30548;"Propone modificar el primer párrafo del artículo 2 del Decreto Legislativo 1283, Decreto Legislativo que establece medidas de simplificación administrativa en los trámites previstos en la Ley 29763, Ley Forestal y de Fauna Silvestre, y modifica artículos de esta Ley; y, deroga la Ley 30548"
LEY QUE AUTORIZA A LA OFICINA PREVISIONAL (ONP) QUE SE ALLANE O DESISTA DE TODA DEMANDA, PROCESO JUDICIAL EN TRÁMITE Y PROCEDIMIENTO ADMINISTRATIVO A FAVOR DE LOS JUBILADOS;Propone autorizar a la Oficina de Normalización Previsional, que se allane o desista de toda demanda, proceso judicial en trámite y procedimiento administrativo a favor de los jubilados y/o pensionistas en materia pensionaria, al amparo del artículo 1 y numerales 9 y 15 del artículo 3 de la Ley 28532-Ley que establece la reestructuración integral de la Oficina de Normalización Previsional, asi como descongestionar la carga procesal del Poder Judicial, en aplicación de los principios de economía y celeridad procesal.
LEY QUE AUTORIZA A LA SUNEDU EL LICENCIAMIENTO DE ESTABLECIMIENTO UNIVERSITARIO CREADOS HASTA LA ENTRADA EN VIGENCIA DE LA LEY 30220;Propone autorizar a la SUNEDU licenciamiento de establecimientos universitarios creados por las universidades públicas y privadas institucionalizadas o con autorización definitiva del funcionamiento en el ámbito regional de su creación o en el ámbito regional de una filial autorizada que cumplan con las condiciones básica de calidad para ofrecer el servicio educativo superior universitario.
LEY DEL ETIQUETADO DE PRODUCTOS ALIMENTICIOS;Propone garantizar la protección de la población, principalmente infantil, del derecho a la salud, en el consumo de alimentos con alto contenido de energía, grasa saturada, azúcares y sodio, que pueden perjudicar su nivel nutricional, a través de la información sanitaria y nutricional, el correcto funcionamiento del mercado interno, así como la promoción de productos de calidad.
CÓDIGO:PENAL  367/DELITO DE VIOLENCIA Y RESISTENCIA A LA AUTORIDAD;Propone modificar el artículo 367 del Código Penal.
LEY QUE DECLARA DE INTERÉS NACIONAL Y NECESIDAD PÚBLICA LA CONSTRUCCIÓN, EQUIPAMIENTO Y FUNCIONAMIENTO DE UN LABORATORIO DE CRIMINALÍSTICA DE LA POLICÍA NACIONAL DEL PERÚ EN LOS DISTRITOS DE CHIMBOTE DE LA PROVINCIA DEL SANTA Y HUARAZ DE LA PROVINCIA DE HUARAZ EN LA REGIÓN ANCASH;Propone declarar de interés nacional y necesidad pública la construcción y funcionamiento de un Laboratorio de Criminalística de la Policía Nacional del Perú en los distritos de Chimbote de la provincia del Santa y Huaraz de la provincia de Huaraz, en la región Ancash.
LEY QUE DECLARA DE NECESIDAD PÚBLICA E INTERÉS NACIONAL LA CONSTRUCCIÓN, EQUIPAMIENTO Y FUNCIONAMIENTO DEL HOSPITAL II-2 DE ESSALUD-CHOTA, EN EL DEPARTAMENTO DE CAJAMARCA;Propone declarr de necesidad pública e interés nacional la construcción, equipamiento y funcionamiento del Hospital II-2 de ESSALUD en la provincia de Chota, en el departamento de Cajamarca.
LEY QUE FACILITA LA FORMALIZACIÓN, DINAMIZACIÓN, DESARROLLO Y CRECIMIENTO DE LAS MICRO Y PEQUEÑAS EMPRESAS;Propone reinstaurarse de manera excepcional lo dispuesto en el artículo 19 de la Ley 30230, Ley que establece medidas tributarias, simplificación de procedimientos y permisos para la promoción y dinamización de la inversión en el Perú, por un plazo de cinco (5) años, a las micro y pequeñas empresas.
LEY QUE DISPONE LA VACANCIA DE ALCALDES PROVINCIALES, DISTRITALES Y ESTABLECE LA RESPONSABILIDAD PENAL DE LAS AUTORIDADES QUE OTORGUEN LICENCIAS DE FUNCIONAMIENTO SIN ADOPTAR LAS MEDIDAS DE SEGURIDAD;Propone incorporar el inciso 11 al artículo 22 de la Ley 27972, Ley Orgánica de Municipalidades, que dispone la vacancia de Alcaldes Provinciales y Distritales y establece la responsabilidad penal de las autoridades que otorguen licencias de funcionamiento sin adoptar las medidas de seguridad.
LEY QUE FORTALECE LA RECUPERACIÓN EXTRAJUDICIAL DE LOS INMUEBLES DE PROPIEDAD ESTATAL;Propone modificar los artículos 65, 66 de la Ley 30230, Ley que establece medidas tributarias, simplificación de procedimientos y permisos para la promoción y dinamización de la inversión en el país, así como modificar el artículo 19-A de la Ley 29151, Ley General del Sistema Nacional de Bienes Estatales.
LEY QUE DECLARA DE INTERÉS NACIONAL Y NECESIDAD PÚBLICA LA CONSTRUCCIÓN, EQUIPAMIENTO Y FUNCIONAMIENTO DE UN LABORATORIO DE CRIMINALÍSTICA DE LA POLICÍA NACIONAL DEL PERÚ EN LA PROVINCIA CONSTITUCIONAL DEL CALLAO;Propone declarar de interés nacional y necesidad pública la construcción y funcionamiento de un Laboratorio de Criminalística de la Policía Nacional del Perú en la Provincia Constitucional del Callao.
LEY QUE DECLARA DE NECESIDAD PÚBLICA Y PREFERENTE INTERÉS NACIONAL LA CREACIÓN DE LA EMPRESA REGIONAL DE SERVICIO PÚBLICO DE ELECTRICIDAD DE SAN MARTÍN-ELECTRO SAN MARTÍN;Propone declarar de necesidad pública y de interés nacional la creación de la Empresa Regional de Servicio Público de Elecetricidad de San Martín-ELECTRO SAN MARTÍN, con el objeto de brindar suministro eléctrico de calidad para los ciudadanos y el buen funcionamiento productivo de la región.
LEY QUE MODIFICA ARTÍCULOS DE LAS LEYES ORGÁNICAS DE GOBIERNOS REGIONALES, DE MUNICIPALIDADES Y DEL SISTEMA NACIONAL DE CONTROL Y DE LA CONTRALORÍA GENERAL DE LA REPÚBLICA, A FIN DE PRIORIZAR LA IMPLANTACION Y FUNCIONAMIENTO DEL SISTEMA DE CONTROL INTERNO Y DE LOS ÓRGANOS DE CONTROL INSTITUCIONAL EN DICHOS GOBIERNOS DESCENTRALIZADOS;Propone  modificar artículos de las Leyes Orgánicas de Gobiernos Regionales, de Municipalidades y del Sistema Nacional de Control y de la Contraloría General de la República con la finalidad de priorizar la implantación, funcionamiento y fortalecimiento en los gobiernos regionales y gobiernos locales del Sistema de Control Interno, así como de los Órganos de Control Institucional y de la Contraloría General de la República.
REGL.CONGRESO 33/MESA DIRECTIVA;Propone Proyecto de Resolución Legislativa que modifica el artículo 33 del Reglamento del Congreso, regula el reemplazo de un vicepresidente cuando es designado Ministro(a), para que la Mesa Directiva del Congreso continúe con su normal funcionamiento.(Proyecto actualizado por Acuerdo del Consejo Directivode fecha 23.05.2017 núm. anterior 3820/2014-CR).
LEY QUE FORTALECE EL SISTEMA NACIONAL DE GESTIÓN DEL RIESGO DE DESASTRES-SINAGERD;Propone modificar los artículos 3, 9, 10, 11, 12, 13, 14, 15 y Segunda Disposición Complementaria Final de la Ley 29664, Ley que crea el Sistema Nacional de Gestión del Riesgo de Desastres (SINAGERD), con la finalidad de fortalecer el rol y funcionamiento del Sistema Nacional de Gestión del Riesgo de Desastres
FUERO:MILITAR POL.LEY 29182 /FORTALECE EL ROL Y FUNCIONAMIENTO DEL....;Propone modificar los artículos V del Título Preliminar, 5, 10, 12, 23, 26, 27, 48 y 57 de la Ley 29182, Ley de Organización y Funciones del Fuero Militar Policial, con la finalidad de fortalecer el rol y funcionamiento del Fuero Militar Policial como institución pública, con autonomia funcional, administrativa y económica en los asuntos de su competencia.
LEY QUE MODIFICA EL DECRETO LEY 25892 Y ESTABLECE REGLAS PARA EL FUNCIONAMIENTO DE LAS JUNTAS DE DECANOS DE LOS COLEGIOS PROFESIONALES;Propone modificar el artículo 3 del Decreto Ley 25892, que establece reglas para el funcionamiento de las Juntas de Decanos de los Colegios Profesionales.
LEY QUE DEROGA EL DECRETO LEGISLATIVO 1333, DECRETO LEGISLATIVO PARA LA SIMPLIFICACIÓN DEL ACCESO A PREDIOS PARA PROYECTOS DE INVERSIÓN PRIORIZADOS, Y RESTITUYE LA VIGENCIA DE LAS NORMAS MODIFICADAS O DEROGADAS POR ESTE.;Dictamen de la Comisión de Constitución y Reglamento, que propone derogar el Decreto Legislativo 1333, Decreto Legislativo para la simplificación del acceso a predios para proyectos de inversión priorizados, y restituye la vigencia de las normas modificadas y derogadas por el Decreto Legislativo 1333, Decreto Legislativo para la simplificación del acceso a predios para proyectos de inversión priorizados.(Remitido por el Poder Ejecutivo el 11 de enero  de 2017 ).
LEY QUE FORTALECE EL FUNCIONAMIENTO DE LAS ASOCIACIONES DE COMSUMIDORES;Propone modificar los artículos 112, 130, 131 y 156 de la Ley 29571, Código de Protección y Defensa del Consumidor, modificado por las Leyes 29888, 30046, 30534 y el Decreto Legislativo 1308, tiene por objeto promover y fortalecer el trabajo de las Asociaciones de Consumidores registradas y reconocidas por el Instituto Nacional de Defensa de la Competencia y de la Protección de la Propiedad Intelectual (INDECOPI).
LEY QUE MODIFICA LOS ARTÍCULOS 2 Y 5 DE LA LEY 29005, LEY QUE PROMUEVE LA INSTITUCIONALIDAD Y CALIDAD DE LAS ESCUELAS DE CONDUCTORES;Propone modificar los artículos 2 y 5 de la Ley 29905, Ley que establece los lineamientos generales para el funcionamiento de las Escuelas de Conductores, con la finalidad de lograr institucionalidad y calidad de las Escuelas de Conductores.
LEY QUE MODIFICA LOS ARTÍCULOS 5, NUMERAL 5.1, LITERAL C), DEL DECRETO LEGISLATIVO 1246, DECRETO LEGISLATIVO QUE APRUEBA MEDIDAS DE SIMPLIFICACIÓN ADMINISTRATIVA, DEROGA SU TERCERA DISPOSICIÓN COMPLEMENTARIA MODIFICATORIA Y RESTITUYE LA VIGENCIA DE NORMAS DEROGADAS POR SU ÚNICA DISPOSICIÓN COMPLEMENTARIA DEROGATORIA;Dictamen de la Comisión de Constitución y Reglamento, propone modificar los artículo 5, numeral 5.1 literal c), y 7 del Decreto Legislativo 1246, Decreto Legislativo que aprueba diversas medidas de simplificación administrativa. (Remitido por el Poder Ejecutivo el 11 de noviembre de 2016).
LEY QUE MODIFICA EL ARTÍCULO 19 DE LA LEY 30230-LEY QUE ESTABLECE MEDIDAS TRIBUTARIAS, SIMPLIFICACIÓN DE PROCEDIMIENTOS Y PERMISOS PARA LA PROMOCIÓN Y DINAMIZACIÓN DE LA INVERSIÓN EN EL PERÚ, FACILITANDO LA FORMALIZACIÓN, PROMOCIÓN Y DESARROLLO DE LA MICRO Y PEQUEÑA EMPRESA;Propone modificar el artículo 19 de la Ley 30230-Ley que establece medidas tributarias, simplificación de procedimientos y permisos para la promoción y dinamización de la inversión en el Perú.
LEY QUE MODIFICA Y FORTALECE EL FUNCIONAMIENTO DE LAS CAJAS MUNICIPALES DE AHORRO Y CRÉDITO;Propone ley que modifica y fortalece el funcionamiento de las Cajas Municipales de Ahorro y Crédito.
LEY QUE PROPONE LA VIGILANCIA CIUDADANA PARA LA LUCHA CONTRA LA CORRUPCIÓN EN LA GESTIÓN PÚBLICA;Propone promover y garantizar la participación ciudadana, a través del funcionamiento de la vigilancia ciudadana como mecanismo de control de la corrupción en los procesos de contratación y ejecución de obras públicas, en los diferentes niveles de gobierno del Estado, en el ámbito del gobierno nacional y gobierno regional y locales.
LEY SOBRE CREACIÓN, FUNCIONAMIENTO Y RECONOCIMIENTO DE LAS VEEDURÍAS CIUDADANAS Y COMITÉS DE VIGILANCIA CIUDADANA, PARA PREVENIR, IDENTIFICAR Y DENUNCIAR ACTOS DE CORRUPCIÓN EN LA ADMINISTRACIÓN PÚBLICA;Propone ley sobre creación, funcionamiento y reconocimiento de las veedurías ciudadanas y/o comités de vigilancia ciudadana, para prevenir, identificar y denunciar actos de corrupción en la administración pública.
LEY QUE MODIFICA EL PRIMER PÁRRAFO DEL ARTÍCULO 2 DEL DECRETO LEGISLATIVO 1283, DECRETO LEGISLATIVO QUE ESTABLECE MEDIDAS DE SIMPLIFICACIÓN ADMINISTRATIVA EN LOS TRÁMITES PREVISTO EN LA LEY 29763, LEY FORESTAL Y DE FAUNA SILVESTRE;Dictamen de la Comisión de Constitución y Reglamento, que propone modificar el primer párrafo del artículo 2 del Decreto Legislativo 1283, Decreto Legislativo que establece medidas de simplificación administrativa en los trámites previstos en la Ley 29763, Ley Forestal y de Fauna Silvestre. (Remitida por el Poder Ejecutivo el 03.01.2017).
LEY QUE MODIFICA LA ÚNICA DISPOSICIÓN COMPLEMENTARIA MODIFICATORIA DEL DECRETO LEGISLATIVO 1289, DECRETO LEGISLATIVO QUE DICTA DISPOSICIONES DESTINADAS A OPTIMIZAR EL FUNCIONAMIENTO Y LOS SERVICIOS DE LA SUPERINTENDENCIA NACIONAL DE SALUD;Dictamen de la Comisión de Constitución y Reglamento, que modifica la Única Disposición Complementaria Modificatoria del Decreto Legislativo 1289, Decreto Legislativo que dicta disposiciones destinadas a optimizar el funcionamiento y los servicios de la Superintendencia Nacional de Salud. (Remitido por el Poder Ejecutivo el 03.01.2017).
LEY QUE DEROGA EL DECRETO LEGISLATIVO 1305, DECRETO LEGISLATIVO QUE OPTIMIZA EL FUNCIONAMIENTO Y LOS SERVICIOS DEL SECTOR SALUD;Propone derogar el Decreto Legislativo 1305, Decreto Legislativo que optimiza el funcionamiento y los servicios del sector salud.
DECRETO:LEGISLATIVO 1305/DEROGA EL DECRETO LEGISLATIVO, QUE OPTIMIZA EL FUNCIONAMIENTO Y LOS SERVICIOS DEL SECTOR SALUD;Dictamen de la Comisión de Constitución y Reglamento que propone derogar el Decreto Legislativo 1305, que optimiza el funcionamiento y los servicios del sector salud. (Remitida por el Poder Ejecutivo el 04.01.2017)
RESTITUYE LA AUTONOMÍA ECONOMÍA, FINANCIERA, ADMINISTYRATIVA Y NORMATIVA DEL INSTITUTO NACIONAL DE ENFERMEDADES NEOPLÁSICA, INEN;"Propone restituir la autonomía económica, financiera, administrativa y normativa del Instituto Nacional de Enfermedades Neoplásicas-INEN como Organismo Público Descentralizado adscrito al sector salud; deroga el artículo 3° del Decreto Legislativa N° 1305, que optimiza el funcionamiento y los servicios del sector salud, que incorpora al INEN como órgano desconcentrado del Ministerio de Salud; y, restituye la vigencia de la Ley 28748, Ley que Crea como Organismo Público Descentralizado al INEN."
LICENCIA DE FUNCIONAMIENTO L.28976/MODIFICA LEY MARCO DE...;Propone modificar el artículo 11 de la Ley 28976, Ley Marco de Licencia de Funcionamiento, sobre la vigencia determinada de la licencia de funcionamiento y del certificado de inspección técnica de seguridad en edificaciones.
LEY QUE PROHIBE LA VIGENCIA INDETERMINADA DEL CERTIFICADO DE INSPECCIÓN TÉCNICA DE SEGURIDAD EN EDIFICACIONES;Propone modificar el artículo 11 de la Ley Marco de Licencia de Funcionamiento, Ley 28976, con la finalidad de prohibir la vigencia indeterminada del Certificado de Inspección Técnica de Seguridad en Edificaciones y coadyuvar a la protección de la integridad física y seguridad de las personas.
LEY DE SIMPLIFICACIÓN ADMINISTRATIVA Y PROMOCIÓN DE LA INVERSIÓN MINERA;Propone promover e impulsar la inversión privada en el sector minero, a efectos de mejorar los niveles de desarrollo económico y social de la nación.
LEY QUE MODIFICA EL ARTÍCULO 19 DE LA LEY 30230-LEY QUE ESTABLECE MEDIDAS TRIBUTARIAS, SIMPLIFICACIÓN DE PROCEDIMIENTOS Y PERMISOS PARA LA PROMOCIÓN Y DINAMIZACIÓN DE LA INVERSIÓN EN EL PAÍS;Propone modificar el artículo 19 de la Ley 30230-Ley que establece medidas tributarias, simplificación de procedimientos y permisos para la promoción y dinamización de la inversión en el país.
LEY QUE DEROGA LA DISPOSICIÓN COMPLEMENTARIA DEROGATORIA ÚNICA, DEL DECRETO LEGISLATIVO 1246, QUE APRUEBA DIVERSAS MEDIDAS DE SIMPLIFICACIÓN ADMINISTRATIVA;Propone Ley que deroga la Disposición Complementaria Derogatoria Única del Decreto Legislativo 1246, que aprueba diversas medidas de simplificación administrativa.
LEY DE TOLERANCIA CERO CONTRA LA CORRUPCIÓN EN LA FUNCIÓN PÚBLICA;Propone prohibir en las entidades del Estado la contratación de personal que tiene sentencia condenatoria consentida por delitos de corrupción, con el fin de coadyuvar a la consecución de un correcto funcionamiento de la administración pública.
MUNICIPALIDADES:L.27972/MODIFICA ART. 20 Y 22  DE LA LEY ORGÁNICA DE...;Propone modificar los artículos 20 y 22 y los artículos del Subcapítulo Único del Capítulo I del Título X de la Ley 27972, Ley Orgánica de Municipalidades, referidos a la creación, requisitos, recursos y funcionamiento de las Municipalidades de Centros Poblados, a fin de perfeccionar la normatividad que las regula.
OBSERVADO.LEY QUE REGULA EL SERVICIO DE TRANSPORTE PÚBLICO TERRESTRE DE PASAJEROS DE ÁMBITO NACIONAL Y REGIONAL;La presente ley, su reglamento y normas complementarias serán de aplicación a las personas jurídicas constituidas bajo los tipos societarios vigentes, que brinden el servicio de transporte público terrestre interprovincial de pasajeros a través de la red vial de carreteras en el ámbito nacional y que cuenten con la respectiva autorización del Ministerio de Transportes y Comunicaciones para su funcionamiento.(Autógrafa de ley observada del proyecto núm. 483/2013-CR y otros).
UNIVERSITARIA:L.30220/MODIFICA DIVERSOS ARTÍCULOS  DE LA LEY....;Propone modificar los artículos 1, 12, 13, 14, 15, 17, 19, 20, 21 de la Ley Universitaria 30220, tiene por objeto normar la creación, funcionamiento, supervisión y cierre de las universidades, respetando la autonomía de cada una de ellas en su régimen normativo interno, de autogobierno, administrativo y económico, dentro del marco de la Constitución, la Ley y sus propios estatutos.
LEY GENERAL DE LA BIBLIOTECA NACIONAL DEL PERÚ;Propone establecer las normas básicas y los lineamientos generales para el funcionamiento de la Biblioteca Nacional del Perú.
LEY QUE MODIFICA EL ARTÍCULO 1 DE LA LEY 15251, LEY DE CREACIÓN DEL COLEGIO ODONTOLÓGICO DEL PERÚ Y LOS ARTÍCULOS 2, 3 DE LA LEY 29016.;Propone modificar el artículo 1 de la Ley 15251, Ley de Creación del Colegio Odontológico del Perú y los artículos 2 y 3 de la Ley 29016, que regulan la creación y funcionamiento del Colegio Odontológico. (Proyecto actualizado por acuerdo del Consejo Directivo núm. anterior 5301/2015-CR).
LEY QUE FORTALECE LA GESTIÓN MUNICIPAL A TRAVÉS DEL SINCERAMIENTO DE LAS DEUDAS ADQUIRIDAS CON EL ESTADO;Propone establecer el sinceramiento de la deuda que mantienen los Gobiernos Municipales hasta el periodo tributario diciembre 2016 frente a las obligaciones tributarias cuya recaudación este a cargo de la Superintendencia de Administación Tributaria (SUNAT) por concepto de contribuciones al Seguro SociaL de Salud  (ESSALUD) y la Oficina de Normalización Previsional (ONP) cualquiera fuera el estado en que se encuentren, ya sea en cobranzas, con un proceso administativo en trámite, ejecución coactiva, con fraccionamiento de pago vigentes o perdidos, incluyendo el incumplimiento del pago de las cuotas, así como también los que tengan procesos contenciosos administrativos ante el Poder Judicial.
LEY QUE PROPONE LA REFORMA DEL SISTEMA NACIONAL DE SALUD;Propone regular el funcionamiento del Sistema Nacional de Salud como garantía de Estado al derecho fundamental a la salud, a efecto de lograr la seguridad social universal en salud.
LEY QUE PERMITE FLEXIBILIDAD EN EL INGRESO DE LOS NIÑOS Y NIÑAS EN LOS GRADOS Y AULAS  DE 3, 4, 5, 6 AÑOS DE LA EDUCACIÓN BÁSICA;Propone hacer efectivo el criterio flexible en el ingreso de los niños y niñas en los grados y aulas de 3, 4, 5 y 6 años de la educación básica regular.
